Date,Open,High,Low,Close,Volume,SMA20,SMA50,EMA20,Daily_Return,RSI14
2024-06-03 00:00:00-04:00,60.45903444871816,60.82539544382488,60.20836872223632,60.67113876342773,9369000,,,60.67113876342773,,0.0
2024-06-04 00:00:00-04:00,60.93144267742925,61.673804041154646,60.68077329343416,61.64487838745117,11895600,,,60.76387587047758,0.016049470042424963,0.0
2024-06-05 00:00:00-04:00,61.69309346982923,61.77021997351864,61.076063051466605,61.62560272216797,9632500,,,60.84594509444809,-0.0003126888362412483,0.0
2024-06-06 00:00:00-04:00,61.6255998370933,62.04980845971838,61.54847333701466,61.84734725952149,8658500,,,60.941316729216986,0.003598253445945776,0.0
2024-06-07 00:00:00-04:00,61.7894947086179,61.914833083990665,61.5195501248742,61.61595916748047,9523100,,,61.00556839000399,-0.0037412775534265696,0.0
2024-06-10 00:00:00-04:00,61.64487701571543,61.69308521155879,61.09533741857573,61.30744171142578,15687100,,,61.0343182301394,-0.005007103033421889,0.0
2024-06-11 00:00:00-04:00,61.30744402378925,61.365291654321766,60.80610892581483,61.26887893676758,8396000,,,61.056657345056365,-0.0006290064237179926,0.0
2024-06-12 00:00:00-04:00,61.403855246300296,61.403855246300296,60.43975010310204,60.62293243408203,9569600,,,61.01535021067786,-0.010542815763810442,0.0
2024-06-13 00:00:00-04:00,60.60365013386793,60.7771893545638,60.208367170676055,60.72898483276367,9668900,,,60.98807731754317,0.0017493775774861664,0.0
2024-06-14 00:00:00-04:00,60.60753342869302,60.908722705281335,60.32577260982123,60.77270126342773,8179200,,,60.96756531238932,0.0007198610479730583,0.0
2024-06-17 00:00:00-04:00,60.5978170040956,61.11276009777159,60.41321700073638,60.84071350097656,10532700,,,60.95548418749287,0.0011191248066138026,0.0
2024-06-18 00:00:00-04:00,60.75326871541199,61.0350295325029,60.66582583101503,60.85042953491211,10651700,,,60.945478982485184,0.00015969625233580587,0.0
2024-06-20 00:00:00-04:00,60.62696956385015,60.9573089612635,60.189755110463885,60.4132194519043,13306300,,,60.89478759862034,-0.007184995838968922,0.0
2024-06-21 00:00:00-04:00,60.41321811851234,61.30707546454549,60.41321811851234,60.986454010009766,28282200,,,60.903517733038385,0.009488561664253492,54.28753420877371
2024-06-24 00:00:00-04:00,61.20020515205584,62.23979819270836,61.12247649127442,62.15235900878906,13212500,,,61.02245499739559,0.01911744202389487,65.29231573864831
2024-06-25 00:00:00-04:00,62.12320386471277,62.24951107507576,61.70542161269431,62.02604675292969,10546800,,,61.118035164589315,-0.002032300267822751,54.769858538257274
2024-06-26 00:00:00-04:00,61.59855111146357,62.28837625091769,61.43337957161458,62.23008346557617,9402500,,,61.22394452658806,0.003289532758056213,57.23001674491604
2024-06-27 00:00:00-04:00,62.23008413912903,62.44382682523226,61.81229817059054,62.09405899047852,8494100,,,61.30681257076811,-0.002185831474465161,53.01262176443844
2024-06-28 00:00:00-04:00,62.084346235015545,62.239796138835565,61.71514252110033,61.84144973754883,17358800,,,61.357730396175796,-0.004068171046257896,52.73929117927016
2024-07-01 00:00:00-04:00,62.21065364946039,62.472986034251456,61.32651049144551,61.481964111328125,10033400,61.351132202148435,,61.36956217857126,-0.005813020680245029,52.09418955093252
2024-07-02 00:00:00-04:00,61.462527013885946,61.57911999917264,61.07389484851604,61.355655670166016,8878200,61.385358047485354,,61.368237749199324,-0.0020543982774101632,51.01980615254952
2024-07-03 00:00:00-04:00,61.394519125228086,61.86087996897517,61.1419083913967,61.53054428100586,9154200,61.37964134216308,,61.38369551413328,0.0028504073329442825,61.994303430544704
2024-07-05 00:00:00-04:00,61.53054372212124,61.977472396697735,61.20991856015995,61.94832229614258,11735500,61.39577732086182,,61.43746949337226,0.006789766286297683,64.88726104800745
2024-07-08 00:00:00-04:00,61.78315506955716,61.78315506955716,61.05446555562449,61.17105484008789,11235100,61.361962699890135,,61.41209666924994,-0.012547029963765222,54.12477742017548
2024-07-09 00:00:00-04:00,61.26821523139108,61.43338307435112,60.81156861987908,60.90872573852539,11657500,61.32660102844238,,61.3641565806095,-0.004288451494718792,50.676993902536275
2024-07-10 00:00:00-04:00,60.93787516051843,61.07389660763105,60.52009288364027,61.04475021362305,11930400,61.313466453552245,,61.3337369266108,0.0022332510399509786,51.88682320311018
2024-07-11 00:00:00-04:00,60.86014304032156,61.65684321922145,60.62696448890544,61.307071685791016,11431600,61.315376091003415,,61.331197379866055,0.004297199533948248,58.98429651805694
2024-07-12 00:00:00-04:00,61.65684383248759,62.28837618594141,61.588833112122565,61.8900260925293,9201500,61.37873077392578,,61.38441916202446,0.009508762867129317,59.06428183286264
2024-07-15 00:00:00-04:00,61.97747245931052,62.123208137007566,61.54997224293025,61.60826873779297,8207500,61.42269496917724,,61.40573816924051,-0.004552548650005206,43.364910831249254
2024-07-16 00:00:00-04:00,61.62769614088811,62.48268909497191,61.58883181398261,62.443824768066406,9025100,61.50625114440918,,61.504603559604874,0.01356240075223658,54.34340149436046
2024-07-17 00:00:00-04:00,62.63815273965465,63.53201011107492,62.57985994970516,63.35712432861328,12508200,61.63207168579102,,61.68103410903424,0.014625938816834605,60.211285373502854
2024-07-18 00:00:00-04:00,62.95877811430942,63.940074673844535,62.88104945238192,63.33769607543945,11128200,61.756435012817384,,61.83881143916807,-0.00030664670121482995,61.51087773214389
2024-07-19 00:00:00-04:00,63.77490239191998,63.77490239191998,62.97820219409722,63.43484878540039,13775700,61.90751647949219,,61.9908149959521,0.001533884495028337,65.18520349699568
2024-07-22 00:00:00-04:00,63.39598719682225,63.43485152676298,62.49241191038601,62.92962265014648,11794200,62.00467491149902,,62.08022524873252,-0.007964488682917659,63.42340634300554
2024-07-23 00:00:00-04:00,63.5708700703956,64.1635381028372,63.00734843092447,63.11422348022461,11810300,62.0527681350708,,62.178701270779385,0.0029334488640493372,66.1319197837683
2024-07-24 00:00:00-04:00,63.24052801287083,64.09552842113742,62.98792099462187,63.94007110595703,13244600,62.14846935272217,,62.346450778891544,0.013084968493531024,69.74522392548087
2024-07-25 00:00:00-04:00,64.1635339677946,64.98938050339056,63.98864820862976,64.19268035888672,16328600,62.246599197387695,,62.522282167462514,0.003950718986706736,68.90344014368466
2024-07-26 00:00:00-04:00,64.19268651669356,65.20313684295186,64.13439372891749,65.14484405517578,13530100,62.39913845062256,,62.77204996629235,0.014832901367659579,82.51197072719468
2024-07-29 00:00:00-04:00,64.9796661588936,65.12540553501832,64.50359111532461,64.93109130859375,12140200,62.55362052917481,,62.97767295127343,-0.003281192083305795,83.17308448567569
2024-07-30 00:00:00-04:00,64.59104247909495,65.90268213591779,64.47444948705684,65.75694274902344,13258000,62.76736946105957,,63.24236531296391,0.01271889050046493,84.89209567868622
2024-07-31 00:00:00-04:00,65.58205829045086,65.68893334882213,64.7173473000747,64.8436508178711,15576800,62.941769218444826,,63.39486869438364,-0.0138889050033566,73.8845341128133
2024-08-01 00:00:00-04:00,65.09626239369675,66.17472345322822,64.80478362688874,66.02898406982422,16495900,63.16669120788574,,63.64573682537798,0.01827986606248344,75.84951762789277
2024-08-02 00:00:00-04:00,66.582789851771,67.69039733964739,65.76666113969921,67.36006164550781,22514800,63.437278175354,,63.99948204634273,0.02015898918384096,81.7596441769274
2024-08-05 00:00:00-04:00,67.02971953670614,67.57381276546775,65.80552645037244,66.16500854492188,25484300,63.6869758605957,,64.20572266525502,-0.01774127088652444,69.76265030364615
2024-08-06 00:00:00-04:00,66.21358931024743,66.88397862918819,65.84438187542617,66.1164321899414,12969100,63.94736118316651,,64.38769500093944,-0.0007341698587930434,66.13636951763287
2024-08-07 00:00:00-04:00,66.1164241392785,67.21431354901706,65.90267405306463,66.5147705078125,13365300,64.22086219787597,,64.59027362064164,0.006024800562842492,67.79101198769058
2024-08-08 00:00:00-04:00,66.06784621636776,66.90341074681906,65.9221068377797,66.77710723876953,15240900,64.4943639755249,,64.79854348903477,0.003944037225930508,68.37605439368977
2024-08-09 00:00:00-04:00,66.74795171181937,66.83539830176241,66.31074099994169,66.72852325439453,12080400,64.73628883361816,,64.9823510857357,-0.0007275544926089728,71.99095328380696
2024-08-12 00:00:00-04:00,66.50505986638355,66.59250646242997,65.90268128020774,66.23301696777344,11012300,64.96752624511718,,65.10146212212024,-0.007425704368310915,67.42669398985143
2024-08-13 00:00:00-04:00,66.14557053055998,66.66050987683215,66.07755981336577,66.5147705078125,9877600,65.17107353210449,62.91304718017578,65.2360629207576,0.004253974119526438,65.31788129369376
2024-08-14 00:00:00-04:00,66.2913169224375,66.9325598363997,66.19415239105604,66.6313705444336,14328000,65.33478584289551,63.032251815795895,65.3689493611077,0.0017529946466161572,64.74737296674823
2024-08-15 00:00:00-04:00,66.67023257392165,66.96170392016943,66.55363958785489,66.69937896728516,11285100,65.5028699874878,63.13334182739258,65.49565694264841,0.0010206667264365255,60.52628316133592
2024-08-16 00:00:00-04:00,66.88397423928305,67.33091030605992,66.68966001142475,67.21431732177734,12651200,65.69184341430665,63.24511611938477,65.65933888351783,0.007720287092099598,64.85459947722723
2024-08-19 00:00:00-04:00,67.37949401189863,67.44750474184843,66.89370096579609,67.02001190185547,9843900,65.89636287689208,63.34856941223145,65.78892679002618,-0.0028908337935156236,58.95323419246049
2024-08-20 00:00:00-04:00,67.02971244456603,67.41834830610055,66.81596235009143,67.40863037109375,11957400,66.11108322143555,63.46442283630371,65.94318427393738,0.0057985437216481195,69.64288426954344
2024-08-21 00:00:00-04:00,67.5057920276634,68.13731693663487,67.36005265920376,67.59323120117188,8792400,66.29374122619629,63.590138626098636,66.10033160034067,0.002738534058055686,64.14763905852153
2024-08-22 00:00:00-04:00,67.9332938486135,67.9332938486135,66.83540429662744,67.36006164550781,12509200,66.45211029052734,63.71196228027344,66.22030589035658,-0.003449599190932351,50.0
2024-08-23 00:00:00-04:00,67.42806602245493,67.86527673238068,66.98113737755389,67.8069839477539,11834700,66.58521728515625,63.855643310546874,66.37141808629919,0.0066348262060400565,72.29576434658472
2024-08-26 00:00:00-04:00,67.8458443974473,68.9048694582404,67.74868729108468,68.82714080810547,12912200,66.78001976013184,64.01760643005372,66.60529644075693,0.015045011604374103,79.12335980379942
2024-08-27 00:00:00-04:00,69.29350566103895,69.49753780925802,69.03118073121787,69.46839141845703,16988400,66.96559219360351,64.1915202331543,66.87797215291884,0.009316827676154826,80.15898365135776
2024-08-28 00:00:00-04:00,69.57526701890932,69.76958123421888,69.27407776139586,69.71128845214844,13272600,67.20897407531739,64.36893173217773,67.14781180046452,0.0034965115606069297,80.07990251517725
2024-08-29 00:00:00-04:00,69.85703009767467,70.1679372998746,69.20606930128923,70.00276947021484,17201700,67.40766334533691,64.55197853088379,67.41971253091694,0.0041812599442410114,81.9737571448155
2024-08-30 00:00:00-04:00,70.14851050846306,70.50800001890413,69.74044614263053,70.41084289550781,18624200,67.56020240783691,64.75193099975586,67.7045820894494,0.005829389728167822,91.50617897813406
2024-09-03 00:00:00-04:00,70.3816897649975,71.2075363537618,70.1970860593797,70.93549346923828,14755800,67.79872665405273,64.95091178894043,68.01228793514359,0.007451275288794301,91.89724263296954
2024-09-04 00:00:00-04:00,71.21724700599955,71.44070760431505,69.86674324407089,70.4982681274414,18140800,68.01781845092773,65.11782997131348,68.24904795345768,-0.006163703393231246,84.54870909779991
2024-09-05 00:00:00-04:00,70.55657788824085,70.61487067612185,68.96317744351498,69.14777374267578,23866100,68.1494686126709,65.2602645111084,68.33464088576416,-0.01915641930840495,67.7967116821352
2024-09-06 00:00:00-04:00,68.97288245550101,69.63356117827826,68.87572534592455,69.11862182617188,17485700,68.26654434204102,65.39803527832031,68.40930573723156,-0.0004215886488607712,64.89367415206047
2024-09-09 00:00:00-04:00,69.20607024859058,70.25537743749565,68.96317376190294,69.8084487915039,12939300,68.42054061889648,65.55232307434082,68.54255745668607,0.009980334490275133,70.23974074418646
2024-09-10 00:00:00-04:00,69.9250473835728,70.36225812964192,69.4878292248906,69.51698303222656,10277600,68.58473892211914,65.70583374023437,68.63535989245183,-0.004175221829493148,65.52230053541058
2024-09-11 00:00:00-04:00,69.3323837998406,69.3421017362478,68.56482990117063,69.06034088134766,11418200,68.7120174407959,65.85740127563477,68.67583427234668,-0.006568785510545183,60.38528215680239
2024-09-12 00:00:00-04:00,68.98260952272211,69.35180955303534,68.65227382390712,69.2060775756836,12340800,68.8407527923584,66.01440971374512,68.72633363456924,0.0021102805528621094,63.23123950763107
2024-09-13 00:00:00-04:00,69.29900527367587,69.9153055835774,68.94684326385821,69.85661315917969,11073800,68.99861450195313,66.1809310913086,68.83397930357977,0.009399977665034864,64.27400235695924
2024-09-16 00:00:00-04:00,70.2087700850798,70.66854727871913,70.06203903471052,70.5315933227539,10786500,69.16447830200195,66.35259651184082,68.9956568292154,0.009662365995845912,62.46963607948203
2024-09-17 00:00:00-04:00,70.3359442169749,70.77615227786039,70.15985949993458,70.23812103271484,12974400,69.32538375854492,66.53393783569337,69.1139867533582,-0.0041608629014819876,55.933198151999015
2024-09-18 00:00:00-04:00,70.32616294141638,70.80550179106122,69.71964722921105,70.189208984375,10719700,69.46441268920898,66.71954750061035,69.2163888705979,-0.000696374669776012,53.79745147249603
2024-09-19 00:00:00-04:00,70.00333285184406,70.37507138181073,69.06421689683333,69.08378601074219,13635600,69.5389404296875,66.88032821655274,69.20376002680212,-0.015749186942381588,43.53428701790171
2024-09-20 00:00:00-04:00,68.87835705493933,70.23811943651516,68.8490033832409,70.08159637451172,48578500,69.67501716613769,67.05581871032715,69.28736348848874,0.014443481189846397,47.86101531266202
2024-09-23 00:00:00-04:00,69.99355488157909,70.62940927047912,69.6316009131007,70.16963958740234,11613000,69.79314994812012,67.2214109802246,69.37138978362336,0.0012562957672956898,44.725320688647734
2024-09-24 00:00:00-04:00,69.67073545998038,70.25768202345125,69.06421978178321,69.7783432006836,13330600,69.84071006774903,67.38481246948243,69.41014725191481,-0.005576434324297108,45.01007904594903
2024-09-25 00:00:00-04:00,70.15007531611668,70.35550624318614,69.75877511356177,69.8957290649414,12329100,69.86207695007325,67.53385055541992,69.45639313886971,0.0016822678623968912,56.25309350682484
2024-09-26 00:00:00-04:00,69.31856289433848,70.0522479313544,69.29899378049717,69.84681701660156,10815200,69.8688533782959,67.66364440917968,69.49357636532037,-0.0006997859381994154,56.06784574501901
2024-09-27 00:00:00-04:00,69.98377844376728,70.62941746440163,69.90551690689314,70.22834014892578,11175700,69.88013191223145,67.80145729064941,69.56355386852088,0.005462283732035056,53.68834441346772
2024-09-30 00:00:00-04:00,70.43377556075411,70.62942195193921,70.13052141538782,70.29682159423828,18015300,69.87443084716797,67.93869674682617,69.63338889001778,0.0009751255001511083,57.12942541915846
2024-10-01 00:00:00-04:00,70.5316011493759,71.16746313744837,70.07182390471685,70.15008544921875,13294500,69.835160446167,68.08310600280761,69.68259808613216,-0.0020873795100795345,60.561078799762804
2024-10-02 00:00:00-04:00,69.83704024978506,69.87617101840245,68.87836254066764,69.4653091430664,11155500,69.78351249694825,68.21012771606445,69.66190390107828,-0.009761589052490138,52.27464432323005
2024-10-03 00:00:00-04:00,69.31856204502364,69.44573142971342,68.67291563791385,68.98595428466797,9374800,69.77542152404786,68.31104537963867,69.59752774713444,-0.006900636653198955,42.123738178947036
2024-10-04 00:00:00-04:00,68.43813903251095,68.75117768161523,68.20336191154024,68.64356994628906,12684800,69.75166893005371,68.40006317138672,69.5066746232444,-0.004963102155057131,31.826747251617448
2024-10-07 00:00:00-04:00,68.52618949106211,68.57509735169447,67.37185799942404,67.5088119506836,14512000,69.63668708801269,68.44734252929688,69.3164019877624,-0.016531162299591506,27.39064925346723
2024-10-08 00:00:00-04:00,67.53816353052537,67.9294637638542,67.36207879869895,67.67511749267578,13549700,69.54459381103516,68.50222305297852,69.16008917870653,0.002463464208401156,29.570830404049048
2024-10-09 00:00:00-04:00,67.68489429204823,68.22292552069712,67.56750199647723,68.05662536621094,9037700,69.49440803527833,68.54821670532226,69.05499738704029,0.005637343349665258,40.540536742614805
2024-10-10 00:00:00-04:00,68.31097624723931,68.38923778293473,67.48924504929904,67.74359130859375,8635200,69.42128372192383,68.60621551513673,68.93010157004538,-0.004599611807561077,25.36088674339213
2024-10-11 00:00:00-04:00,67.9490176277951,68.07618701709094,67.49902502325172,68.05662536621094,8786300,69.33128433227539,68.64676834106446,68.84691336015638,0.004620865997363666,28.740130281057674
2024-10-14 00:00:00-04:00,68.05662874540002,68.93705234732208,67.95880555928217,68.80987548828125,7659300,69.24519844055176,68.67576461791992,68.84338594378731,0.011067991073860917,40.91739732084722
2024-10-15 00:00:00-04:00,68.9272677896811,69.66095288071104,68.63379823132753,68.80987548828125,10358700,69.17378616333008,68.7286619567871,68.84019447183435,0.0,39.58725053664161
2024-10-16 00:00:00-04:00,68.56531223091957,69.16204335511847,68.44792739562176,69.03487396240234,7937300,69.11606941223144,68.78703079223632,68.85873537569798,0.0032698573064473546,42.46826242715822
2024-10-17 00:00:00-04:00,69.0935715796433,69.15227146514013,68.06641687633704,68.37945556640625,14674600,69.08085289001465,68.8243244934082,68.81308967957494,-0.009494018868681398,33.67874600786371
2024-10-18 00:00:00-04:00,68.35010683499871,69.01531495979545,68.09576057637416,68.90770721435547,15087500,69.02215843200683,68.86693649291992,68.82210087336357,0.0077252976580985955,38.65808686118656
2024-10-21 00:00:00-04:00,68.47727824496455,68.8001014907714,67.80228554253767,67.93923950195312,11981200,68.91063842773437,68.8911508178711,68.73801883799115,-0.014054563002505294,34.08442318803645
2024-10-22 00:00:00-04:00,67.49903141289363,68.23271653694681,67.18599272516818,67.93923950195312,18603300,68.81868324279785,68.92527526855469,68.66194461551133,0.0,37.81243488083878
2024-10-23 00:00:00-04:00,65.53275500798222,67.2055562416008,65.13167767669485,66.53057098388672,24655200,68.65042533874512,68.92559127807617,68.4589566505947,-0.020734240306383045,32.92519879713673
2024-10-24 00:00:00-04:00,66.1783986873364,66.55991434903375,65.49362143712331,65.83601379394531,17568800,68.4498851776123,68.9096841430664,68.20915256900904,-0.010439669758878556,31.38781158391143
2024-10-25 00:00:00-04:00,65.61101005244913,66.22730282589627,65.3371021531393,65.46427154541016,11138100,68.21168174743653,68.8849819946289,67.94773532866628,-0.005646487797676181,34.92056882534594
2024-10-28 00:00:00-04:00,65.50340376670721,65.93383474000234,65.15123432736223,65.21971130371094,10761400,67.95782623291015,68.84508987426757,67.68792351676578,-0.003735781914713243,32.09690429171418
2024-10-29 00:00:00-04:00,64.84798117392866,64.89688903579953,64.09472695949562,64.13385772705078,16525900,67.65701484680176,68.78736679077149,67.34944106060244,-0.01664916257607496,24.062069626543035
2024-10-30 00:00:00-04:00,64.08495325098656,65.09254631261626,63.89908396113717,64.48603057861328,14177800,67.40805091857911,68.72891479492188,67.076735300413,0.00549121577967937,28.57142857142857
2024-10-31 00:00:00-04:00,64.3784208958067,64.55450562210778,63.84038962236462,63.88929748535156,13383700,67.15321807861328,68.65483612060547,66.77316979421668,-0.009253680028176947,23.573239409362728
2024-11-01 00:00:00-04:00,64.04582165974975,64.2316909472147,63.47843670264805,63.595829010009766,12163100,66.90083103179931,68.57955146789551,66.4705659100065,-0.0045933902373724855,14.888067197186999
2024-11-04 00:00:00-05:00,63.66430689528955,63.99690724239671,63.243660450551495,63.69365310668945,10984500,66.7100730895996,68.49728485107421,66.2060980239763,0.001538215606314175,15.994847961623393
2024-11-05 00:00:00-05:00,63.233870804041565,64.04581741678295,63.233870804041565,63.94799423217773,8780200,66.5237169265747,68.39970191955567,65.99104051999548,0.00399319418941535,16.321240251812412
2024-11-06 00:00:00-05:00,63.0186586008951,63.449089591684974,61.80563462908752,62.31432342529297,22899300,66.23660182952881,68.25662055969238,65.64087698716666,-0.025546865488123793,14.449527540392666
2024-11-07 00:00:00-05:00,62.8914888007263,62.98931198980262,62.21649610826712,62.27519226074219,14856100,65.96318187713624,68.10789863586426,65.32033558465005,-0.0006279642046935763,8.75912616523155
2024-11-08 00:00:00-05:00,62.51975637432938,62.84257589609337,62.353456200148216,62.52953720092773,14719300,65.68682746887207,67.95843399047851,65.05454526239077,0.004084209633919977,13.084128206369556
2024-11-11 00:00:00-05:00,62.598016520718986,62.72518965396063,61.87411222193832,61.981719970703125,13980900,65.34541969299316,67.78985153198242,64.761895234611,-0.008760935307489781,12.173929471398665
2024-11-12 00:00:00-05:00,62.29475330443714,62.36323027836244,61.74693378131954,61.8251953125,15021000,64.99618568420411,67.60764556884766,64.4822095277433,-0.0025253358292914863,14.475621388481699
2024-11-13 00:00:00-05:00,61.67845871178101,61.8838896398998,61.13064290346423,61.62954711914063,13177600,64.62591934204102,67.43027114868164,64.21052739359065,-0.003164538217314994,15.65495108158703
2024-11-14 00:00:00-05:00,61.73715440536514,61.73715440536514,61.071946301573,61.189334869384766,15910800,64.26641330718994,67.27110237121582,63.92279477223771,-0.0071428765962673335,15.481849963807576
2024-11-15 00:00:00-05:00,61.13064247709536,61.26759642821935,60.05456878793569,60.39695739746094,26284300,63.84087581634522,67.0966690826416,63.58700073654468,-0.01294960099852771,14.223530490434413
2024-11-18 00:00:00-05:00,60.50456633282781,60.788258815657,60.22087758171421,60.51435089111328,16079400,63.469631385803225,66.91078712463379,63.294367417932165,0.0019436988005836486,18.644142852044055
2024-11-19 00:00:00-05:00,60.55348087262939,61.25781605967605,60.28935377809356,61.22846984863281,16254800,63.13409290313721,66.74501686096191,63.09761526847508,0.011800819921285788,23.44497875473901
2024-11-20 00:00:00-05:00,61.33607757103739,61.63933170292534,60.670869421769815,61.61977005004883,18904900,62.888552856445315,66.59620544433594,62.95686810481544,0.006390821171644134,30.858120956091625
2024-11-21 00:00:00-05:00,61.7762851464267,62.421927866698375,61.580635045677504,62.37301254272461,17292300,62.71540279388428,66.45954414367675,62.90126281318774,0.012224039331272696,40.42872106258229
2024-11-22 00:00:00-05:00,62.84257589609337,63.07736051504101,62.26541383390066,62.52953720092773,19562200,62.56866607666016,66.31300262451173,62.86586037392488,0.0025094933180580536,40.97115299269199
2024-11-25 00:00:00-05:00,62.920834099865786,63.30234975613985,62.45127608201191,62.97952651977539,36805300,62.45665683746338,66.16196128845215,62.87668572114874,0.007196428104076613,42.70984207787795
2024-11-26 00:00:00-05:00,62.91104746302654,63.23387068872254,62.66648577024422,63.14583206176758,14473300,62.40725555419922,66.0201155090332,62.90231870596958,0.002640628648422183,58.034007653085695
2024-11-27 00:00:00-05:00,63.546911998917565,63.6838659554951,62.85235765815126,63.0284423828125,13263400,62.33437614440918,65.87690017700196,62.91433048471652,-0.0018590249763476008,57.1694556354986
2024-11-29 00:00:00-05:00,63.102361553393386,63.32906814115904,62.85594870585927,63.16150665283203,10648400,62.297986602783205,65.75845458984375,62.93787107215609,0.0021111781441678357,56.15725574760712
2024-12-02 00:00:00-05:00,63.13193898151461,63.26993168258587,62.44196795612011,62.7376708984375,16500100,62.25507869720459,65.61157608032227,62.91880438894479,-0.0067103490219786455,57.54754349107783
2024-12-03 00:00:00-05:00,62.80666543844366,63.16150595098024,62.1265532027422,62.60953140258789,24874500,62.200872611999515,65.46037391662598,62.88934981881557,-0.0020424649817977203,57.87558499322408
2024-12-04 00:00:00-05:00,62.3729687186322,62.44196506597431,61.01275179101434,61.31830596923828,28137700,62.069388198852536,65.29117317199707,62.7397265950463,-0.020623464262124136,47.43839463102077
2024-12-05 00:00:00-05:00,61.57458436142633,62.21526529819288,61.20988506755431,62.01813125610352,21040400,62.054578590393064,65.13362121582031,62.6710032294327,0.011412991207166101,56.541684631930934
2024-12-06 00:00:00-05:00,61.929423333684674,62.45182533611768,61.61400661823226,61.63372039794922,15581100,62.02250499725342,64.96935928344726,62.572214388339034,-0.006198362484785003,60.43370969049973
2024-12-09 00:00:00-05:00,61.79142695622506,62.02798855311804,61.01275333649438,61.70271682739258,22348300,61.98116397857666,64.7988468170166,62.48940509682033,0.0011194591044945135,60.10795734400012
2024-12-10 00:00:00-05:00,61.80128503341967,62.13641176525076,60.90432874528632,62.00827407836914,14949400,61.982491683959964,64.63307586669922,62.44358309506307,0.004952087471793654,57.12826135017157
2024-12-11 00:00:00-05:00,62.09698606027758,62.7179569736857,61.50558769704448,61.74214553833008,32819000,61.978339195251465,64.46491706848144,62.37677951823135,-0.004291823050948218,51.144844204119146
2024-12-12 00:00:00-05:00,62.63910166060696,63.003797191478505,62.3138336898348,62.92494583129883,17542100,62.04310913085938,64.33410980224609,62.42898583376159,0.01915709735474702,54.77931121050161
2024-12-13 00:00:00-05:00,62.65881400762534,62.92494439218101,62.2054083569093,62.21526336669922,13429000,62.094405555725096,64.19869598388672,62.40863131308898,-0.011278237195503693,47.51654481252234
2024-12-16 00:00:00-05:00,62.32368822997788,62.944659136794655,61.4563007144264,61.65343475341797,24559700,62.15722942352295,64.0588932800293,62.336707831215556,-0.009030398376196014,39.70296120545384
2024-12-17 00:00:00-05:00,61.55486904266447,62.63910060702719,61.426731354506295,62.49125289916992,21902400,62.25607452392578,63.958542098999025,62.35142640911597,0.01358915604787958,45.39722579274561
2024-12-18 00:00:00-05:00,61.90970721403804,62.72780836126665,61.88999343506617,61.94913101196289,20946100,62.292107582092285,63.84402236938477,62.31311256176806,-0.008675164315904316,42.83842664332589
2024-12-19 00:00:00-05:00,61.80128721817277,62.26454789324334,61.50558803493177,61.55487060546875,21300600,62.28886260986328,63.713987274169924,62.2408990421205,-0.006364260483621709,39.69660051667451
2024-12-20 00:00:00-05:00,61.574583393832775,62.15612674084743,61.38730436478221,61.65343475341797,42458100,62.252883720397946,63.592184143066405,62.18495006224407,0.0016012404376732903,42.74405025702401
2024-12-23 00:00:00-05:00,61.6041530971666,61.86042471964241,60.64805543789246,61.48587417602539,13010800,62.20070056915283,63.46076911926269,62.11837140641372,-0.0027177817109903524,42.51970383553102
2024-12-24 00:00:00-05:00,61.30845552097943,61.93928146362305,61.1211764842439,61.93928146362305,5019100,62.148688316345215,63.32335723876953,62.10131522138604,0.007374169980890466,54.65292232162201
2024-12-26 00:00:00-05:00,61.72243167908978,61.84071435960004,61.50558761819249,61.67314910888672,7943800,62.07505416870117,63.18062271118164,62.060537496386104,-0.004296665192873195,47.23539622166226
2024-12-27 00:00:00-05:00,61.55487060546875,62.0477038308768,61.31830900286448,61.55487060546875,8542800,62.00137557983398,63.03102264404297,62.01237874487016,-0.0019178281817447962,49.3399632908466
2024-12-30 00:00:00-05:00,61.446446164838434,61.446446164838434,60.79590646330579,61.14088821411133,8972200,61.900344657897946,62.886251296997074,61.92937964670266,-0.006725420544067218,45.553832796581204
2024-12-31 00:00:00-05:00,61.13103021423579,61.535153285422325,60.914182404324364,61.36758804321289,9256700,61.83184051513672,62.73544891357422,61.87587568446554,0.0037078268851389318,44.86569339673976
2025-01-02 00:00:00-05:00,61.456301515210505,61.85056959833101,60.73676545953181,60.95361328125,12991000,61.74904460906983,62.59573638916016,61.78804116987359,-0.0067458209645030465,43.827160862499504
2025-01-03 00:00:00-05:00,61.01275396592367,61.19017422541896,60.73676480669816,60.86490249633789,10403200,61.7263744354248,62.45424964904785,61.70012320096542,-0.0014553818902053317,30.540008388983622
2025-01-06 00:00:00-05:00,60.61848586821247,60.68748221799265,59.79052591083124,59.93837738037109,17924200,61.62238674163818,62.32240577697754,61.532337884718345,-0.015222650131125226,29.338095706248595
2025-01-07 00:00:00-05:00,60.23407548328253,60.835332600641166,59.75109728343116,59.96794509887695,17799600,61.53909797668457,62.20504440307617,61.3833480955906,0.0004933019510726666,33.06926701863591
2025-01-08 00:00:00-05:00,60.11580029105752,60.88461894252568,60.0566589486295,60.825477600097656,14412400,61.495236015319826,62.11226852416992,61.330217572210316,0.014299848023919814,33.33330788837095
2025-01-10 00:00:00-05:00,60.69734072895083,60.76633707843657,59.85952200516544,60.19464874267578,22425000,61.404554748535155,62.01176727294922,61.22206815987369,-0.010371128716313849,32.75193115278144
2025-01-13 00:00:00-05:00,60.25379134148357,60.9634686310283,59.83980947589828,60.76633834838867,18016200,61.355764389038086,61.94441688537598,61.178665320684644,0.009497349310181757,42.509365603141966
2025-01-14 00:00:00-05:00,60.77619110071048,61.18031418113936,60.42135058911069,61.1507453918457,16658300,61.26705436706543,61.87771118164063,61.176006279842845,0.0063259866219538274,45.470693572280496
2025-01-15 00:00:00-05:00,61.436587566175255,61.72242796013795,60.79590291208127,60.884613037109375,16187200,61.200521850585936,61.81761749267578,61.14825454243966,-0.004352070494496596,44.67709743981144
2025-01-16 00:00:00-05:00,60.53963351013217,61.40702106696146,60.44106836595533,61.35773849487305,12585500,61.18573703765869,61.77285568237305,61.16820539505237,0.007770854312160846,44.86957200664458
2025-01-17 00:00:00-05:00,61.41687764512008,61.87028330818004,61.27888118417134,61.81114196777344,17948900,61.15173149108887,61.735205459594724,61.22943744959723,0.0073895075669758725,51.17844744907533
2025-01-21 00:00:00-05:00,61.99841844126393,62.32368640003333,61.407016341653936,61.52529525756836,19817100,61.13053970336914,61.68675148010254,61.25761438368971,-0.004624517540124273,49.754456551826365
2025-01-22 00:00:00-05:00,61.22959694799195,61.39716219457555,60.77619129726762,60.89447021484375,18191900,61.09751968383789,61.658354415893555,61.223029224752,-0.010253100616319455,48.02526554686484
2025-01-23 00:00:00-05:00,60.91418259401834,61.09160284631313,60.49034574242736,60.64805221557617,16528400,61.0472505569458,61.62581161499023,61.16826950959239,-0.004046640005212043,44.25197896579383
2025-01-24 00:00:00-05:00,60.83533279725427,61.12117320215236,60.55934364215337,61.03246307373047,19244600,61.024580001831055,61.59587013244629,61.155335563319824,0.006338387534489787,50.632881936747324
2025-01-27 00:00:00-05:00,61.96884712421192,63.260071495345294,61.57458280998623,62.95451354980469,20742900,61.075341606140135,61.61532600402832,61.32668584774695,0.03149226459617527,62.95840518923827
2025-01-28 00:00:00-05:00,62.59967397092423,63.12207974111189,61.38730470052112,61.46615982055664,14956000,61.064992141723636,61.608145294189455,61.33996908325263,-0.023641731868368376,58.857128956138894
2025-01-29 00:00:00-05:00,61.663293895646255,62.45182629635394,61.65343512562668,61.92942428588867,11325600,61.08371982574463,61.61414283752441,61.39610767397988,0.007536902690594038,60.82698553341733
2025-01-30 00:00:00-05:00,62.934801132915865,63.36849677598034,62.32368898862031,63.13193893432617,13201000,61.18327236175537,61.65299491882324,61.56142493687,0.019417500845579472,62.264144054529574
2025-01-31 00:00:00-05:00,62.78695433101978,63.01365716589556,62.48139637443808,62.570106506347656,12102100,61.24339828491211,61.696457901000976,61.65748984824882,-0.0088993374425419,62.72438375691276
2025-02-03 00:00:00-05:00,62.27440552174024,62.717956168480086,61.535155697180194,62.44196701049805,12067900,61.317815971374515,61.73501022338867,61.73220195893922,-0.0020479347567773365,59.42346555681892
2025-02-04 00:00:00-05:00,62.69824210585138,62.71795588561969,61.45630030058104,61.77171325683594,15678000,61.36315650939942,61.74587509155273,61.735964939691286,-0.010734026901321414,53.383441768585826
2025-02-05 00:00:00-05:00,61.82099905477966,62.38282861327975,61.69286136739678,62.21526336669922,10686800,61.47700080871582,61.75778495788574,61.78161240893014,0.007180472848779207,57.11274291502929
2025-02-06 00:00:00-05:00,62.70809579980457,62.82637847593229,62.00827355280087,62.45182418823242,13423400,61.60119476318359,61.7593611907959,61.84544210219702,0.003802295590053184,55.99997154904568
2025-02-07 00:00:00-05:00,62.52082274032791,63.003797191478505,62.36311625994948,62.92494583129883,13184700,61.70616817474365,61.76726936340332,61.948251981159096,0.007575785803155988,56.09492465703955
2025-02-10 00:00:00-05:00,63.181212924163766,63.72333243663271,62.74752107420744,63.6247673034668,16154300,61.8776741027832,61.78017417907715,62.107920107093165,0.011121526811388671,60.990714794661486
2025-02-11 00:00:00-05:00,66.5324849694717,66.70004646014121,65.45811215513855,66.63105010986328,30589100,62.17090969085693,61.849878540039064,62.53869439307127,0.04725019727078328,74.04957012358946
2025-02-12 00:00:00-05:00,65.91151328071507,67.83355970620275,65.91151328071507,67.72513580322266,26033800,62.499629211425784,61.943812408447265,63.032641194038064,0.016420057789205078,77.7006000255025
2025-02-13 00:00:00-05:00,68.01098907251152,68.61224624417595,67.774431216131,68.50382232666016,24393100,62.88058967590332,62.05065872192383,63.553706063811596,0.01149774768558598,78.3682613914986
2025-02-14 00:00:00-05:00,68.36581741482928,69.02621205270864,67.77441911941438,67.88284301757812,20779100,63.206844902038576,62.15356216430664,63.96600482131317,-0.009064885549318613,70.76406791429068
2025-02-18 00:00:00-05:00,67.56743898574125,68.37568518387094,67.43929753284228,68.06027221679688,15569100,63.519301414489746,62.26257698059082,64.35593504945447,0.0026137561618155836,81.23240857881373
2025-02-19 00:00:00-05:00,68.21796961766714,69.12478088724713,68.1785420598544,69.06564331054688,16032300,63.89631881713867,62.41752372741699,64.80447869336804,0.014771775971561318,82.14910159656209
2025-02-20 00:00:00-05:00,68.71080767179731,69.06564819718051,68.42496349745873,69.03607940673828,13398000,64.3033992767334,62.557882690429686,65.20748828511759,-0.0004280551427815471,79.74174823027437
2025-02-21 00:00:00-05:00,69.31205824675637,70.57370998639554,69.12477923164076,70.3272933959961,21662300,64.7873613357544,62.73175415039063,65.69508877186792,0.018703466366483568,86.40142347735181
2025-02-24 00:00:00-05:00,69.82460262973329,70.70185262486224,69.32191819122325,69.57818603515625,21418400,65.21464748382569,62.8892635345459,66.06490755884775,-0.010651730283743444,81.64331991516751
2025-02-25 00:00:00-05:00,69.84432671495418,70.74127929286543,69.71619278097782,70.46529388427734,21555600,65.59018650054932,63.05840393066406,66.48399197079343,0.012749798459431805,87.82158729947989
2025-02-26 00:00:00-05:00,70.24844367626862,70.25830244625212,69.51905261829064,69.78518676757812,14531200,66.00613784790039,63.21926475524902,66.7983914752491,-0.00965166082775637,82.26890707108946
2025-02-27 00:00:00-05:00,69.70632792062983,70.51457405518306,69.41062499724106,69.85417938232422,16789500,66.40237560272217,63.35784942626953,67.08941889497055,0.0009886426896854594,82.01192724873181
2025-02-28 00:00:00-05:00,70.4258660128176,70.5441486959936,69.54862345936759,70.1893081665039,22167400,66.75524406433105,63.51733032226562,67.3846464446404,0.004797548080057945,81.79464327156535
2025-03-03 00:00:00-05:00,69.23320593981384,71.32282141833014,68.73052148944659,71.28339385986328,21717600,67.19090843200684,63.70992950439453,67.75595572228067,0.01558764036773197,82.40199092656522
2025-03-04 00:00:00-05:00,71.03697963298937,71.6086679698035,68.87836773504115,69.18392944335938,25411900,67.5280065536499,63.84378303527832,67.89195321952627,-0.029452363346100796,61.69830278799219
2025-03-05 00:00:00-05:00,68.89808785202955,69.72604407835301,68.83894275012189,69.07550811767578,23933600,67.8931962966919,63.98631057739258,68.00467273363574,-0.0015671461068478276,56.802431405344905
2025-03-06 00:00:00-05:00,69.40077917234038,69.51905433491036,68.45453275155069,69.45005798339844,21694000,68.25493602752685,64.14421432495118,68.14232847170838,0.005422325161685171,54.968930412939045
2025-03-07 00:00:00-05:00,68.65166583991538,70.79056010989339,68.65166583991538,70.4061508178711,28393300,68.65265235900878,64.31926864624023,68.35793059991435,0.013766623991893656,62.80004551333703
2025-03-10 00:00:00-04:00,70.92855717079787,72.17049900920786,70.29773124145528,70.42586517333984,25251200,69.02769832611084,64.49806846618652,68.5548767497644,0.00028000899409685864,62.195134422072016
2025-03-11 00:00:00-04:00,70.84969996226889,71.00741019997726,69.59790691062037,70.02174377441406,28076400,69.3475471496582,64.65971771240234,68.69457837115961,-0.0057382525288275366,55.254643800578634
2025-03-12 00:00:00-04:00,69.36135214132526,69.71619267182245,68.74037745293597,68.93751525878906,18923300,69.46287040710449,64.80500503540038,68.71771521760051,-0.015484169019240768,49.514574050847415
2025-03-13 00:00:00-04:00,69.24306028678939,69.24306028678939,68.28696273513948,68.6220932006836,15746600,69.50771827697754,64.94634948730469,68.70860835884652,-0.004575477617976054,40.70891961010586
2025-03-14 00:00:00-04:00,68.02633267932151,68.77103780147345,67.89724560980787,68.67174530029297,14205100,69.51611442565918,65.09696662902832,68.70509759136523,0.000723558511457334,44.6535848418112
2025-03-17 00:00:00-04:00,68.75117725894411,69.67461194705332,68.59231076637795,69.62496948242188,15634800,69.60322074890136,65.2621142578125,68.79270443813253,0.013880878925685902,45.08191377732134
2025-03-18 00:00:00-04:00,69.61503982242965,69.69447685860501,68.81076066386908,68.89019012451172,12657600,69.64471664428712,65.42084579467773,68.80198878921627,-0.010553388581314382,44.795246601197405
2025-03-19 00:00:00-04:00,68.06605147510706,68.89018605627673,68.05611995228844,68.7908935546875,14780000,69.63097915649413,65.57936561584472,68.80093210021353,-0.0014413745940423661,43.83829702196367
2025-03-20 00:00:00-04:00,68.82067978336127,69.31714986132644,68.60223173697145,69.21785736083984,16295300,69.64006805419922,65.76495521545411,68.84063926789223,0.006206690800039105,44.429765081587114
2025-03-21 00:00:00-04:00,69.21786229712171,69.4760288772238,67.69866496229167,68.1852035522461,47479500,69.53296356201172,65.92930038452148,68.77821681878308,-0.014918893013553092,32.109141085806826
2025-03-24 00:00:00-04:00,68.31429134321948,68.59231339752436,67.84760821969363,68.46322631835938,12575400,69.47721557617187,66.08205535888672,68.74821772350462,0.004077464781640616,44.72950082463137
2025-03-25 00:00:00-04:00,68.4632221392725,68.59230921055784,68.11569459260492,68.32421112060547,12513900,69.37016143798829,66.24464660644531,68.70783614227614,-0.002030509007966863,44.53024324348343
2025-03-26 00:00:00-04:00,68.4334326440953,69.8533373475951,68.41357717452553,69.52566528320312,14478200,69.35718536376953,66.4198331451416,68.78572463188823,0.017584603508657537,50.49129841594682
2025-03-27 00:00:00-04:00,69.68454125752393,70.48882036902113,69.57531723305736,70.24058532714844,11663400,69.37650566101074,66.60162994384766,68.92428279334158,0.010282822048996998,48.889339274326694
2025-03-28 00:00:00-04:00,70.31009564449883,70.81649728570197,69.03913335527216,69.87320709228516,17412900,69.3607006072998,66.78140182495117,69.0146565360981,-0.005230284359849846,46.457834153211216
2025-03-31 00:00:00-04:00,70.23066371046215,71.43212044393248,69.99235260797278,71.1143798828125,24016900,69.35224990844726,66.97653465270996,69.21463018816614,0.017763214859854104,56.32445523147363
2025-04-01 00:00:00-04:00,71.17395642365427,71.40233601118204,70.68741782913507,71.36261749267578,15309100,69.46118431091308,67.16756416320801,69.41920040764325,0.0034906809322157173,65.54115830553786
2025-04-02 00:00:00-04:00,71.45197322051882,71.84915080082584,70.5484016114643,70.82642364501953,14606500,69.54873008728028,67.35358673095703,69.55322166834574,-0.007513651635764118,63.737630588463524
2025-04-03 00:00:00-04:00,71.96830551980943,73.42792117918617,71.80943145930108,72.66336059570312,24959600,69.7093952178955,67.58896453857422,69.84942537571311,0.025935757534367054,70.34410727853738
2025-04-04 00:00:00-04:00,71.90872883849867,72.49456750695835,69.29729878984223,69.43630981445312,26517300,69.66090316772461,67.76472969055176,69.8100810365455,-0.04441097624434431,49.219387278361296
2025-04-07 00:00:00-04:00,65.76243013562974,68.8901855794701,65.58370060379325,67.88732147216797,34258400,69.53397598266602,67.90182685852051,69.62696107803335,-0.02230804526370056,46.1123953332655
2025-04-08 00:00:00-04:00,68.47315455373662,69.48595778924907,67.28162935663869,67.93696594238281,22774400,69.42973709106445,68.00147590637206,69.46600916035234,0.000731277492443061,46.67697090902181
2025-04-09 00:00:00-04:00,67.44049417652175,69.97249462702848,66.80501307707883,69.45616149902344,27918700,69.45566940307617,68.1612759399414,69.46507128784482,0.022361839913914494,50.854696411068616
2025-04-10 00:00:00-04:00,69.69447664666176,70.70727234045317,68.49301988641076,70.26045227050781,22450200,69.53758735656739,68.3278964996338,69.54082185762225,0.011579833295217279,57.566995395935635
2025-04-11 00:00:00-04:00,70.40939463369834,71.34275328909958,70.04200402512097,70.92572021484375,19988200,69.65028610229493,68.48377212524414,69.6727169392624,0.009468597523036193,58.73240473095891
2025-04-14 00:00:00-04:00,70.79663953593544,72.14703881866504,70.42924893346859,71.93851470947266,13930200,69.76596336364746,68.67114028930663,69.88850720309195,0.014279650478853156,62.068979573119464
2025-04-15 00:00:00-04:00,72.10732070094518,72.11724464865118,71.21367299778608,71.3526840209961,14965500,69.88908805847169,68.8493546295166,70.02795261432091,-0.00814349157530525,56.36241517302286
2025-04-16 00:00:00-04:00,71.84914979976735,72.15695882183884,70.88599664299021,71.1739501953125,15276200,70.00824089050293,69.03739936828613,70.13709524108201,-0.0025049348617495193,53.37644344350974
2025-04-17 00:00:00-04:00,71.3924016975431,72.91159898725383,71.2136721590164,72.48463439941406,20746800,70.17157974243165,69.24278678894044,70.3606703990184,0.018415223554472337,58.84328942411981
2025-04-21 00:00:00-04:00,72.86195024063447,72.95131879925056,71.31296592959357,72.25625610351562,16037200,70.37513236999511,69.43887542724609,70.54120237087528,-0.003150713220680612,54.15160452075191
2025-04-22 00:00:00-04:00,72.48463296470315,73.85488768259768,72.40519593236749,73.37828063964844,15613500,70.62088508605957,69.64794212341309,70.81140030123463,0.015528406765572988,56.89067797008024
2025-04-23 00:00:00-04:00,72.7725849567812,73.42792152059484,71.86900577838598,72.78251647949219,16353900,70.8438003540039,69.8310971069336,70.99912565154487,-0.00811908040039766,56.659907765151814
2025-04-24 00:00:00-04:00,72.50448858346817,72.91159769337268,71.78957801758058,72.00801849365234,16893900,70.96791801452636,69.93863647460938,71.09521068412654,-0.010641264184071964,47.594747574082405
2025-04-25 00:00:00-04:00,72.13710977526519,72.40520030617725,70.6278363718458,71.40233612060547,16316000,71.02600555419922,70.01218048095703,71.12446072569595,-0.008411318429769943,58.935039267696474
2025-04-28 00:00:00-04:00,71.5711338134531,71.74986335841612,70.80656559173742,71.2831802368164,15997500,71.09650421142578,70.06776763916015,71.1395768696122,-0.001668795312072091,67.73860326761857
2025-04-29 00:00:00-04:00,70.68741150809562,72.19667719870706,69.78383233782739,71.83921813964844,16244100,71.13274612426758,70.14689514160156,71.20620937152042,0.007800408188646468,69.35960054141293
2025-04-30 00:00:00-04:00,72.83215885801984,72.96124592651731,71.18388213990885,72.03781127929688,21074700,71.16650581359863,70.22644592285157,71.28540955321341,0.002764411205901318,64.73925292753512
2025-05-01 00:00:00-04:00,71.4916916226381,71.53141013815899,70.72713103157463,70.78670501708984,18034200,71.16451988220214,70.26086715698243,71.2379138831064,-0.0173673552817476,52.85865495636404
2025-05-02 00:00:00-04:00,70.995222497737,71.31296305064963,70.59804491271312,71.1441650390625,12629600,71.08856010437012,70.3030288696289,71.22898542176888,0.005049818633122705,51.22766727781331
2025-05-05 00:00:00-04:00,71.16402251527909,71.29310958998163,70.5086859207197,71.19380950927734,11932700,71.17643508911132,70.32035919189452,71.22563533486493,0.000697801009929444,45.30663389340226
2025-05-06 00:00:00-04:00,71.17395030814868,71.39239835339689,70.65762476299741,71.21366882324219,12705500,71.34275245666504,70.35306884765625,71.22449566709135,0.00027894720203525125,49.056580327621
2025-05-07 00:00:00-04:00,71.21367061672791,72.1768237992886,71.16402057772757,71.88887023925781,15018200,71.54034767150878,70.38154037475586,71.28776943586911,0.009481345746861214,54.54547218465562
2025-05-08 00:00:00-04:00,71.69027628260345,71.95837436720703,70.62783061796942,70.66754913330078,14371100,71.60091705322266,70.39918762207031,71.22870083562451,-0.01698901515481155,38.314153686427254
2025-05-09 00:00:00-04:00,70.48882361522757,70.64769768559819,69.96256651430703,70.02214050292969,11228900,71.58900146484375,70.40254684448242,71.11379032774882,-0.009133026944993627,36.36363636363636
2025-05-12 00:00:00-04:00,69.65475681815578,69.8334863578777,68.2149889771923,69.03913116455078,21539000,71.4946720123291,70.37954330444336,70.91620374077758,-0.014038550254512394,23.057938074200678
2025-05-13 00:00:00-04:00,69.09870173092852,69.1980018068266,68.3837911829749,68.47315216064453,14389100,71.3214038848877,70.32333847045898,70.6835321617173,-0.00819794505462812,23.143540465107435
2025-05-14 00:00:00-04:00,68.39371569124249,68.85046725709847,68.09583818770106,68.67174530029297,16286800,71.18735694885254,70.31309478759766,70.49193341301022,0.002900306665925445,27.60004097940785
2025-05-15 00:00:00-04:00,69.2079270440056,71.2236019591122,69.10863454178894,71.10444641113281,19817100,71.18388175964355,70.35367355346679,70.55026798425999,0.03542506601808282,48.3939646470671
2025-05-16 00:00:00-04:00,71.35268057286319,71.74985815235495,70.9257160006277,71.49169158935547,18441200,71.13423461914063,70.39450622558594,70.63992737522146,0.0054461457442980254,51.09257941489235
2025-05-19 00:00:00-04:00,71.52148030856249,71.66049132841037,71.13423424248163,71.42218780517578,13282800,71.09253120422363,70.41482696533203,70.71442836855044,-0.0009721938680499198,47.69739641211554
2025-05-20 00:00:00-04:00,71.29310769243372,71.62077219322597,70.92571709999108,71.18388366699219,12137800,70.98281135559083,70.42998733520508,70.75913839697347,-0.003336556125018708,45.305684548175385
2025-05-21 00:00:00-04:00,71.1838840595006,71.57113012437136,71.0746600334568,71.3427505493164,12094400,70.91082305908203,70.45640747070313,70.8147205067204,0.00223178160758164,53.47393949562529
2025-05-22 00:00:00-04:00,71.33281907458824,71.48176161706982,70.45903444117937,70.63776397705078,11101800,70.84231033325196,70.49041244506836,70.79786750389472,-0.00988168477998752,46.96788493357441
2025-05-23 00:00:00-04:00,71.0349412946497,71.4718373974566,70.19094365784468,71.26331329345703,12822100,70.83535919189453,70.54323684692383,70.84219567432923,0.00885573496649017,50.38931024992778
2025-05-27 00:00:00-04:00,71.23352824783808,71.71014287988916,71.0547987077605,71.27324676513672,10666100,70.83486251831054,70.5952668762207,70.88324815916805,0.00013939110070260163,50.33408429927862
2025-05-28 00:00:00-04:00,71.19381001885002,71.39240260614744,70.54840494284807,70.64769744873047,8710900,70.77528648376465,70.61572143554687,70.86081475817399,-0.008776775926422897,43.00112974516632
2025-05-29 00:00:00-04:00,70.49875196591115,71.15409611339906,69.96256336583893,70.98529052734375,10291100,70.722660446167,70.65762344360351,70.872669593333,0.004778543261912738,51.99005712090384
2025-05-30 00:00:00-04:00,71.10444957380456,71.95837876680815,71.10444957380456,71.59098815917969,28019500,70.76287460327148,70.71362533569337,70.9410808853184,0.008532720333131794,59.87502545208668
2025-06-02 00:00:00-04:00,71.5214785820992,71.53141010485787,70.85621049238155,71.49169158935547,10202700,70.78025093078614,70.75910202026367,70.99351999998859,-0.0013869981736169823,67.36990215509508
2025-06-03 00:00:00-04:00,71.20374350558913,71.27324901917675,69.97249973252315,70.65763092041016,20139800,70.75344200134278,70.80855056762695,70.96153056383827,-0.011666539851037716,64.90525570548058
2025-06-04 00:00:00-04:00,70.75691824880333,71.34274930964742,70.18101113522177,70.86614227294922,13565900,70.73606567382812,70.85660888671875,70.95244596470599,0.0029510096761371507,64.95269188379879
2025-06-05 00:00:00-04:00,70.87606884171126,70.95550587594319,70.32995627631495,70.40939331054688,13531400,70.66209182739257,70.89831253051757,70.90072666430989,-0.00644523530917096,43.51852905854966
2025-06-06 00:00:00-04:00,70.57819243366227,70.97537003551913,70.43918140934227,70.84628295898438,9524000,70.67102851867676,70.9247248840332,70.89554154951698,0.006204990952138445,44.036684313297
2025-06-09 00:00:00-04:00,70.84628023652265,71.3228948555422,70.58811366890654,71.26331329345703,12281300,70.73308715820312,70.94517944335938,70.93056742989222,0.005886410931595254,48.620645800600386
2025-06-10 00:00:00-04:00,71.39239810359122,72.17682172899586,71.25338708901643,71.83921813964844,12265000,70.873091506958,70.98449966430664,71.01710559272614,0.008081365005018437,55.3745732677926
2025-06-11 00:00:00-04:00,71.75978037073057,71.84914892234093,71.25338635522264,71.56119537353516,12718500,71.02749366760254,70.9934359741211,71.06892366708891,-0.003870069487293626,51.75718104758234
2025-06-12 00:00:00-04:00,71.73992725038366,71.88886979092345,71.09451462506614,71.72999572753906,12806900,71.18040618896484,71.00078353881835,71.1318829109413,0.0023588252421273825,59.61541303135935
2025-06-13 00:00:00-04:00,71.7699966430664,71.87999725341797,70.7300033569336,71.0199966430664,17467200,71.17618370056152,71.0046549987793,71.1212270759056,-0.00989821729767748,47.889355979584494
2025-06-16 00:00:00-04:00,71.19999694824219,71.62000274658203,70.23999786376953,70.5199966430664,15045900,71.12759895324707,70.96178771972656,71.06396703468282,-0.0070402706791569125,43.97795393162205
2025-06-17 00:00:00-04:00,70.37999725341797,70.45999908447266,69.58000183105469,69.62000274658203,15437000,71.03748970031738,70.96546157836914,70.92644662629228,-0.012762250983074375,42.129226022834835
2025-06-18 00:00:00-04:00,70.0,70.0,69.08999633789062,69.20999908447266,16227600,70.93879547119141,70.99191513061524,70.76297543183327,-0.0058891646931097386,36.55277790941064
